id,korean,english,sample_sentence
1,안녕하세요,Hello,"안녕하세요. 잘 지냈어요? / Hello. How have you been? "
2,저기요,Excuse me,"저기요"
3,죄송합니다,I'm sorry,"죄송합니다. 오타였어요. / I'm sorry. It was a typo. "
4,안녕히 주무세요,Good night,"할머니, 안녕히 주무세요. / Good night, Grandma. "
5,만나서 반가워요,Nice to meet you,"들어오세요. 만나서 반가워요. / Please come in. Nice to meet you. "
6,어떻게 지내세요?,How are you?,"오랜만이네요. 어떻게 지내세요? / It's been a long time"
7,네,Yes,"네"
8,아니요,No,"아니요. 아직 안 먹었어요. / No"
9,고마워요,Thank you,"초대해 줘서 고마워요. / Thank you very much for the invitation. "
10,저는 (name) 입니다,I'm (name),"저는 존입니다. / I'm Jon. "
11,잘 가요,Goodbye,"잘 가요. 또 봐요! / Goodbye. See you again! "
12,나쁜,bad,"나쁜 사람들을 조심하세요. / Be careful of bad people. "
13,좋은,good,"우리 선생님은 좋은 사람입니다. / My teacher is a good person. "
14,예쁜,pretty,"저는 예쁜 여자친구가 있어요. / I have a pretty girlfriend. "
15,못생긴,ugly,"못생긴 얼굴 / ugly face "
16,쉬운,easy,"쉬운 시험 / easy exam "
17,어려운,difficult,"어려운 문제 / difficult problem "
18,가까이에,near,"저는 대학교 가까이에 삽니다. / I live near the university. "
19,멀리,far,"역은 여기에서 멀리 있습니다. / The station is far from here. "
20,작은,small,"작은 실수 / small mistake "
21,오늘,today,"오늘의 숙제 / today's homework "
22,어제,yesterday,"어제 아침 / yesterday morning "
23,내일,tomorrow,"내일 봐요! / See you tomorrow! "
24,주,week,"이번 주는 바빠요. / I'm busy this week. "
25,년,year,"일년 / one year "
26,초,second,"일 분에는 육십 초가 있습니다. / There are 60 seconds in a minute. "
27,분,minute,"삼분 / three minutes "
28,시간,hour,"저는 매일 여덟 시간을 잡니다. / I sleep for 8 hours every day. "
29,시계,clock,"알람 시계 / alarm clock "
30,정각,o'clock,"아홉 시 정각에 역에서 만나요. / Let's meet at the station at 9 o'clock. "
31,달력,calendar,"달력에 우리 기념일을 적어놨어요. / I marked our anniversary on the calendar. "
32,월요일,Monday,"월요일에는 회사에 가요. / I go to work on Monday. "
33,화요일,Tuesday,"일월 일일 화요일 / Tuesday"
34,수요일,Wednesday,"십팔일 수요일 / Wednesday the 18th "
35,목요일,Thursday,"일월 삼일 목요일 / Thursday"
36,금요일,Friday,"이번 주 금요일에 시간 있어요? / Are you free this Friday? "
37,토요일,Saturday,"토요일 밤 / Saturday night "
38,일요일,Sunday,"일요일 아침 식사 / Sunday morning breakfast "
39,하다,do,"숙제를 하다 / do homework "
40,가다,go,"공원에 가다 / go to the park "
41,웃다,laugh,"커플이 농담에 웃었다. / The couple is laughing at a joke. "
42,맛있어요,delicious,"중국 음식은 맛있어요! / Chinese food is delicious! "
43,물,water,"물 좀 마실 수 있을까요? / Can I have some water"
44,차,tea,"차 한 잔 하시겠습니까? / Would you like a cup of tea? "
45,커피,coffee,"커피 한 잔 / cup of coffee "
46,맥주,beer,"차가운 맥주 / cold beer "
47,포도주,wine,"포도주 한 잔 / glass of wine "
48,쇠고기,beef,"쇠고기 스테이크 / beef steak "
49,닭고기,chicken,"닭고기는 튀길 수도 있고"
50,돼지고기,pork,"포크는 돼지고기입니다. / Pork is the meat from a pig. "
51,생선,fish,"닭고기와 생선요리 중 무엇을 드시겠습니까? / Chicken or fish? "
52,양고기,lamb,"양고기는 대단히 맛있습니다. / Lamb is extremely delicious. "
53,의사,doctor,"혹시 몸이 아프면 의사에게 진찰을 받으세요. / If you get sick go to the doctor. "
54,경찰관,police officer,"경찰관에게 도움을 청할게요. / I'll ask a police officer for help. "
55,선생님,teacher,"영어 선생님 / English teacher "
56,직원,employee,"여직원 / female employee "
57,오다,come,"여자 아이가 비디오 카메라를 향해 온다. / The girl came towards the video camera. "
58,보다,see,"관광객이 일몰을 보았다. / The tourists saw the sunset. "
59,만들다,make,"요리사가 오렌지 주스를 만든다. / The chef makes orange juice. "
60,사용하다,use,"프로그래머가 컴퓨터를 사용하고 있다. / The programmer is using a computer. "
61,...할 수 있다,can,"뛰어 넘을 수 있다 / can jump over "
62,영,zero,"숫자 영 / number zero "
63,일,one,"일도 / one degree "
64,이,two,"이는 제가 제일 좋아하는 숫자입니다. / The number two is my favorite number. "
65,삼,three,"삼 달러 / three dollars "
66,사,four,"숫자 사 / number four "
67,오,five,"오도 / five degrees "
68,육,six,"다음 달 우리는 육일 쉽니다. / We have a six-day vacation next month. "
69,칠,seven,"일주일에 칠일 / seven days a week "
70,팔,eight,"팔은 행운의 숫자입니다. / Eight is a lucky number. "
71,구,nine,"구층 / nine floors "
72,십,ten,"십 그램 / ten grams "
73,판매원,salesman,"자동차 판매원 / car salesman "
74,매니저,manager,"부서 매니저 / department manager "
75,요리사,cook,"요리사가 계란 프라이를 하였다. / The cook fried an egg. "
76,엔지니어,engineer,"저는 엔지니어입니다. / I am an engineer. "
77,프로그래머,programmer,"저는 프로그래머입니다. / I am a computer programmer. "
78,간호사,nurse,"저 여자 분은 간호사입니다. / The woman is a nurse. "
79,몸,body,"뚱뚱한 몸 / thick body "
80,머리,head,"머리 부상은 아주 위험합니다. / Head injuries are very dangerous. "
81,손,hand,"왼손 / left hand "
82,팔,arm,"근육질의 팔 / muscular arm "
83,발,foot,"오른발 / right foot "
84,다리,leg,"긴 다리 / long legs "
85,손가락,finger,"새끼손가락 / pinkie finger "
86,등,back,"등이 아파요. / My back hurts. "
87,배,stomach,"배가 아파요. / My stomach hurts. "
88,가슴,chest,"가슴 엑스레이 / X-ray of a chest "
89,일월,January,"이 곳은 일월에 정말 춥습니다. / It's very cold here in January. "
90,이월,February,"이월은 이십팔일 밖에 없는 가장 짧은 달입니다. / February is the shortest month with 28 days. "
91,삼월,March,"삼월 십칠일 / March 17th "
92,사월,April,"사월 일일. / April 1st. "
93,오월,May,"오월의 꽃 / May flowers "
94,유월,June,"우리는 유월에 결혼할 것입니다. / We are getting married in June. "
95,칠월,July,"칠월은 삼십일일이 있는 일곱 개의 달 중에 하나입니다. / July is one of 7 months with 31 days. "
96,팔월,August,"학교는 팔월에 닫습니다. / The school is closed in August. "
97,구월,September,"오늘은 구월 십일 토요일입니다. / Today is Saturday"
98,시월,October,"할로윈은 시월 삼십일 일입니다. / Halloween falls on October 31st. "
99,십일월,November,"추수감사절은 십일월 이십사일 목요일입니다. / Thanksgiving"
100,십이월,December,"십이월 삼십일일은 새해 전날입니다. / December 31st is New Year's Eve. "
101,시계,watch,"시계 있어요? / Do you have a watch? "
102,안경,glasses,"저는 안경을 끼지 않아요. / I don't wear glasses. "
103,재킷,jacket,"재킷이 잘 어울려요. / That jacket looks nice on you. "
104,받다,receive,"고백 받다 / to receive a confession of love "
105,검색,search,"인터넷으로 검색하면 나와요. / It will show up if you search on the Internet. "
106,데려다 주다,take,"집에 데려다 주세요. / Please take me home. "
107,약한,weak,"제 가족은 제 힘이자 약한 부분입니다. / My family is my strength and my weakness. "
108,세다,strong,"고릴라는 원숭이보다 힘이 더 세다. / Gorillas are stronger than monkeys. "
109,춥다,cold,"북극은 여름에도 춥다. / The North Pole is cold even in summer. "
110,뜨거운,hot,"나는 뜨거운 목욕을 한다. / I take a hot bath. "
111,웃기는,funny,"웃기는 시트콤은 저를 행복하게 만듭니다. / Funny sitcoms make me happy. "
112,복숭아,peach,"저는 복숭아에 알레르기가 있어요. / I am allergic to peaches. "
113,오렌지,orange,"저는 아침 식사와 함께 오렌지 주스를 그리고 점심 식사와 함께 사과 주스를 마십니다. / I drink orange juice with breakfast and apple juice with lunch. "
114,감자,potato,"감자 튀김은 몸에 안 좋아요. / Fried potato is not good for your health. "
115,콩,soybean,"대두는 콩의 일종입니다. / A soybean is a kind of bean. "
116,야채,vegetable,"야채볶음 먹었어요. / I ate fried vegetables. "
117,소,cow,"소들이 들판에서 풀을 뜯고 있다. / The cows are grazing in the field. "
118,돼지,pig,"돼지는 하늘을 볼 수 없어요. / Pigs can't look up at the sky. "
119,말,horse,"말 타 본 적 있어요? / Have you ever ridden a horse before? "
120,눈,snow,"나무에 눈이 내리고 있다. / The snow is falling in the woods. "
121,셔츠,shirt,"장롱에 셔츠가 열 벌 있습니다. / There are ten shirts in the closet. "
122,바지,pants,"당신의 바지는 제 것보다 커요. / Your pants are bigger than mine. "
123,드레스,dress,"그 드레스 안 산 게 후회돼. / I regret not buying that dress. "
124,말하다,say,"나도 지금 그렇게 말하려고 했는데. / I was just going to say that. "
125,전화하다,call,"내일 오전에 전화 해 주세요. / Please give me a call tomorrow morning. "
126,찾다,find,"핸드폰 어떻게 찾았어요? / How did you find the cellphone? "
127,깨끗한,clean,"깨끗한 환경을 지향합니다. / We aim for a clean environment. "
128,더러운,dirty,"더러운 셔츠들은 세탁기에 넣어주시길 바랍니다. / Put your dirty shirts into the washing machine"
129,당근,carrot,"아이들은 당근을 싫어합니다. / Kids do not like carrots. "
130,양파,onion,"양파를 넣고 볶으세요. / Please put in the onion and stir-fry it. "
131,상추,lettuce,"삼겹살을 먹을 때는 상추가 있어야 돼요. / You have to have some lettuce when you eat samgyeopsal. "
132,양,sheep,"양이 풀을 먹고 있다. / The sheep is eating the green grass. "
133,토끼,rabbit,"내 동생은 토끼 띠에 태어났습니다. / My younger brother was born in the year of the Rabbit. "
134,물개,seal,"물개는 가장 차가운 지역에서 삽니다. / Seals live in the coldest areas. "
135,구름,cloud,"오늘은 구름이 하나도 안 보이네요. / I can't see any cloud today. "
136,화창한,sunny,"나는 자주 화창한 날에 피크닉을 갑니다. / I often go on a picnic on a sunny day. "
137,비가 오는,rainy,"이번 토요일에 비가 올 거예요. / It will be rainy this Saturday. "
138,아기,baby,"아기가 태어났습니다. / A baby was born. "
139,여자,girl,"그 여자 아이들은 고등학생입니다. / The girls are high school students. "
140,남자 아이,boy,"남자 아이는 그 영화를 좋아했어요. / The boy liked the movie. "
141,행복한,happy,"저는 행복한 사람입니다. / I am a happy person. "
142,슬픈,sad,"슬픈 청소년은 혼자 앉아 있다. / The sad teenager is sitting alone. "
143,화난,angry,"오늘 아침에 화난 일이 있었다. / There was something that made me angry this morning. "
144,옷,clothing,"옷 가게에서 일 했어. / I worked at a clothing store. "
145,신발,shoe,"새 신발이 필요해요. / I need new shoes. "
146,양말,sock,"양말 신었어? / Are you wearing socks? "
147,속옷,underwear,"내 양말과 속옷은 서랍장 첫 칸에 있어. / My socks and underwear are in the top drawer of my dresser. "
148,말하다,talk,"너랑 말하고 싶지 않아. / I don't want to talk to you. "
149,주다,give,"선물을 주다 / give a present "
150,낮다,low,"내 소득은 동료들에 비해 상대적으로 낮다. / My income is relatively low compared to my coworkers'. "
151,높다,high,"반도체 관련주는 늘 가격이 높다. / The price of semiconductor-related stocks is always high. "
152,과일,fruit,"접시에 과일을 담아 주세요. / Please put the fruits on the plate. "
153,문어,octopus,"문어가 바닷속을 헤엄치고 있다. / The octopus is swimming in the ocean. "
154,상어,shark,"상어는 피비린내로 유인한다. / The sharks are lured in by the smell of blood. "
155,고래,whale,"고래들이 숨을 쉬기 위해 수면으로 올라오고 있다. / The whales are coming up for air. "
156,흐린,cloudy,"저는 흐린 날이 싫습니다. / I don't like cloudy days. "
157,시원한,cool,"시원한 계곡으로 놀러가고 싶어요. / I want to go to a cool valley and chill out. "
158,오이,cucumber,"오이가 싱싱해요. / These cucumbers are fresh. "
159,피망,bell pepper,"가장 흔한 피망 색깔은 초록색과 빨간색"
160,브로콜리,broccoli,"브로콜리는 암을 예방해 준다고 해요. / Broccolli is said to prevent cancer. "
161,바나나,banana,"이 바나나는 정말 달아요. / This banana is really sweet. "
162,사과,apple,"사과를 깎고 있어요. / I'm peeling an apple. "
163,포도,grape,"어떤 사람들은 포도를 껍질채 먹습니다. / Some people eat grapes unpeeled. "
164,수박,watermelon,"여름에는 수박이 최고예요. / In summer"
165,새,bird,"새가 훨훨 날아가버렸어요. / The bird has gone flapping away. "
166,쥐,mouse,"쥐가 포도를 먹고 있다. / The mouse is eating a grape. "
167,해,sun,"여름에는 해가 일찍 떠요. / The sun rises early in the summer. "
168,날씨,weather,"날씨가 이상해요. / The weather is weird. "
169,도,degree,"밖은 겨우 1도다. / It is barely one degree outside. "
170,여자,woman,"미키씨는 여자입니다. / Miki is a woman. "
171,남자,man,"그 남자는 오십대 정도로 보였어요. / A man appeared to be in his fifties. "
172,여자친구,girlfriend,"여자친구가 무서운 장면에서 얼굴을 돌렸다. / My girlfriend hid her face from the scary scene. "
173,남자친구,boyfriend,"남자친구 사귀었어? / Did you get a boyfriend? "
174,기차,train,"그는 모자를 기차에 두고 내렸다. / He forgot his cap on the train. "
175,비행기,airplane,"그는 비행기 타는 것을 좋아해요. / He likes flying by airplane. "
176,버스,bus,"그는 버스를 탑니다. / He rides the bus. "
177,택시,taxi,"택시에 탄 다음에 전화 주세요. / Give me a call after you get in the taxi. "
178,시금치,spinach,"시금치 1000원 어치 주세요. / Please give me 1"
179,돌고래,dolphin,"2시에 돌고래 쇼가 있대요. / They say that there is a dolphin show at 2 o'clock. "
180,오징어,squid,"햇볕에 오징어를 건조시킵니다. / Let's dry squid out in the sun. "
181,개,dog,"개가 낯선 사람에게 막 짖고 있습니다. / The dog is barking harshly at strangers. "
182,고양이,cat,"집에 고양이 한 마리가 있습니다. / I have a cat at home. "
183,햄스터,hamster,"한국에서는 햄스터를 대형마트나 애완동물샵에서 살 수 있습니다. / Pet hamsters can be bought at large discount department stores or in pet shops in Korea. "
184,따뜻한,warm,"겨울에는 따뜻한 코트를 입는다. / In winter I wear a warm coat. "
185,비,rain,"거리에 비가 내리고 있다. / The rain is falling on the street. "
186,토마토,tomato,"토마토 주스 한 잔 주세요. / Please give me a cup of tomato juice. "
187,딸기,strawberry,"사과 말고 딸기가 좋아요. / I like strawberry not apple. "
188,체리,cherry,"체리 먹고 싶어요. / I want to eat cherries. "
189,아이,child,"우리 아이는 아주 튼튼하다 / My child is very healthy. "
190,친구,friend,"공원에서 친구를 만났어요. / I met a friend at the park. "
191,성인,adult,"비만은 성인병의 주요 원인입니다. / Obesity is a main cause of adult illnesses. "
192,자전거,bicycle,"자전거는 차고에 있어요. / The bicycle is in the garage. "
193,자동차,car,"어떤 자동차예요? / What kind of car is it? "
194,오토바이,motorcycle,"오토바이로 가는 것이 더 빠를 거야. / Going by motorcycle will be faster. "
195,스쿠터,scooter,"도심에서는 스쿠터 타는 것이 편리해요. / Scooters are convenient in the city. "
196,배,boat,"낚싯배의 행렬은 아름다운 장관을 연출합니다. / The fishing boat parade creates a beautiful scenery. "
197,해파리,jellyfish,"해파리들이 물 속에서 솟아 올라가고 있다. / The jellyfish are bobbing in the water. "
198,바닷가재,lobster,"바닷가재는 정말 비싸요. / Lobsters are very expensive. "
199,게,crab,"게는 보통 옆으로 걸어요. / Crabs usually walk side-ways. "
200,거북이,turtle,"바다 거북이가 바다에서 수영하고 있다. / The sea turtle is swimming in the sea. "
201,헬리콥터,helicopter,"헬리콥터 소리 때문에 아무것도 안 들려요. / I can't hear anything because of the sound of the helicopter. "
202,검은,black,"검은색 티셔츠 입어도 돼요? / Can I wear a black t-shirt? "
203,갈색,brown,"제 눈은 갈색이에요. / My eyes are brown. "
204,회색,gray,"회색으로 주세요. / Give me the gray one. "
205,쉬다,rest,"늦어서 쉬려고요. / It is late so I am going to rest. "
206,듣다,hear,"잘 안 들려요. / I cannot hear you clearly. "
207,바라다,want,"오늘 다른 것을 해보기를 바라고 있어요. / I want to try something different today. "
208,역겨운,disgusting,"내 친구는 역겨운 음식을 좋아한다. / My friend likes disgusting food. "
209,십일,eleven,"이 백화점은 십일 층까지 있어요. / This department store has eleven floors. "
210,십이,twelve,"십이 나누기 이는 육이다. / Twelve divided by six is two. "
211,십삼,thirteen,"그는 십삼 년 동안 갖은 고생을 배겨 냈다 / He put up with all sorts of hardship for thirteen years. "
212,메일,e-mail,"너 이메일 주소 알려줄래? / Can you tell me your e-mail address? "
213,휴대폰,cellular phone,"거의 모든 지역에서 휴대폰으로 전화를 걸 수 있습니다. / With a cellular phone"
214,문자,text message,"전화 통화 못 하니까 문자로 이야기해요. / I can't talk on the phone so let's talk through text messages. "
215,입,mouth,"입을 크게 벌려 봐. / Open your mouth wide. "
216,볼,cheek,"볼을 깨물어서 염증이 생겼습니다. / I bit my cheek"
217,코,nose,"코가 간지러워요. / My nose is itchy. "
218,공책,notebook,"공책 좀 빌려 줘. / Please"
219,연필,pencil,"연필은 상 뒤에 있어요. / The pencil is behind the table. "
220,지우개,eraser,"학생이었을 때 친구들과 지우개 게임을 자주 했습니다. / When I was a student"
221,하얀,white,"새하얀 운동화를 샀어요. / I've bought a white pair of tennis shoes. "
222,빨간,red,"저기 빨간 벽돌 집 보여요? / Do you see that red brick house over there? "
223,녹색,green,"맞아요"
224,끝나다,finish,"수업은 몇 시에 끝나? / When will your class finish? "
225,시작하다,start,"사업을 새로 시작했어요. / I started a new business. "
226,...이 되다,become,"어떤 사람이 되고 싶어요? / Who do you want to become? "
227,십사,fourteen,"그는 우리 집에서 약 십사 마일 거리에 살어. / He lives about fourteen miles away from my house. "
228,십오,fifteen,"약 십오 분이 지나서야 친구는 나타났다. / About fifteen minutes later"
229,십육,sixteen,"우리 이제 십육 분 남았어. / We have sixteen minutes left. "
230,전화,telephone,"전화 쓸 수 있어요? / Can I use the telephone? "
231,눈,eye,"그 여자는 눈이 참 예뻐. / She has really beautiful eyes. "
232,이,teeth,"이가 너무 아파요. / My teeth hurt so much. "
233,입술,lip,"그녀는 도톰한 입술로 유명합니다. / She is famous for her thick lips. "
234,복사기,copy machine,"복사기가 고장났어요. / The copy machine is out of order. "
235,책상,desk,"그 사람은 갑자기 책상을 내리쳤어요. / He suddenly slammed the desk. "
236,책,book,"가방에 책을 넣었어요. / I put the book in my bag. "
237,펜,pen,"옷에 볼펜이 묻었어요. / I got a pen stain on my clothes. "
238,우체국,post office,"이 거리에는 우체국이 있습니다. / There is a post office on this street. "
239,도서관,library,"공공 도서관에 갔어요. / I went to the public library. "
240,슈퍼,supermarket,"슈퍼에 사람이 너무 많아요. / There are too many people at the supermarket. "
241,도움,help,"도움을 받고 싶은데요. / I need some help. "
242,배우다,learn,"제가 배울 수 있는 사람들을 존경해요. / I respect people I can learn from. "
243,움직이다,move,"손가락을 움직일 수 있어요? / Can you move your finger? "
244,열일곱,seventeen,"세븐틴의 멤버는 열일곱명이 아니예요. / Seventeen does not have seventeen members. "
245,열여덟,eighteen,"그 남자는 열여덟 살입니다. / He is eighteen years old. "
246,열아홉,nineteen,"나는 열아홉 개의 단추가 필요해요. / I need nineteen buttons. "
247,스물,twenty,"저는 스물일곱 살입니다. / I am twenty-seven years old. "
248,목,neck,"기린은 아주 긴 목을 가지고 있습니다. / Giraffes have very long necks. "
249,얼굴,face,"여자친구가 무서운 장면에서 얼굴을 돌렸다. / My girlfriend turned away during the scary scene. "
250,귀,ear,"귀가 아파요. / My ear hurts. "
251,머리,hair,"그녀의 금발머리가 부럽다. / I envy her blonde hair. "
252,산,mountain,"남산에 언제 한번 가볼래요? / Would you like to go to Namsan? "
253,바닷가,beach,"바닷가에 갈 때는 선크림을 바르세요. / Apply sunscreen when you go to the beach. "
254,열대 우림,rainforest,"아마존 열대우림은 매우 커요. / The Amazon rainforest is very large. "
255,섬,island,"남이섬은 한국 드라마 '겨울연가'의 촬영지입니다. / Nami Island is the filming location of the Korean drama 'Winter Sonata'. "
256,사전,dictionary,"사전에도 안 나와 있어요. / It's not in the dictionary. "
257,파란,blue,"파란색 버튼 보여요? / Do you see the blue button? "
258,노란,yellow,"노란색으로 칠했어요. / I painted it yellow. "
259,오렌지,orange,"오렌지색 가방에 들어 있어요. / It's in the orange bag. "
260,색,color,"강렬한 색깔입니다. / It's a vibrant color. "
261,지루한,boring,"이 토크쇼는 너무 지루해요! / This talk show is so boring! "
262,흥미진진한,exciting,"흥미진진한 영화를 봤어요. / I saw an exciting movie. "
263,중요한,important,"오늘 중요한 회의가 있어요. / I have an important meeting today. "
264,신용카드,credit card,"신용카드가 네 장 있습니다. / I have four credit cards. "
265,열쇠,key,"열쇠를 문앞에 두고 갈게요. / I'll leave the key in front of the door. "
266,운전면허,driver's license,"운전면허증은 항상 가지고 다니세요. / Always carry your driver's license. "
267,숲,forest,"너구리가 숲 속에서 땅콩을 먹고 있다. / A raccoon is eating peanuts in the forest. "
268,강,river,"여기는 강물이 정말 빨리 흐르네요. / The river flows very fast here. "
269,바다,ocean,"돌고래가 바다에서 수영하고 있다. / A dolphin is swimming in the sea. "
270,호수,lake,"저는 호수 근처에 살아요. / I live near the lake. "
271,문서,document,"가장 최근의 문서를 보내주실 수 있나요? / Can you send me the latest document? "
272,컴퓨터,computer,"내 컴퓨터 쓰지마! / Don't use my computer! "
273,팩스기,fax machine,"팩스기가 있나요? / Do you have a fax machine? "
274,프린터,printer,"프린터에 잉크가 없어요. / The printer is out of ink. "
275,샤프,mechanical pencil,"이 샤프 어디에서 샀어요? / Where did you buy this mechanical pencil? "
276,자,ruler,"자를 대고 줄을 그어라. / Draw a line using a ruler. "
277,마커,marker,"마커 잉크가 부족하다. / The marker is low on ink. "
278,은행,bank,"그녀는 은행원입니다. / She is a banker. "
279,편의점,convenience store,"편의점에서 아르바이트를 해요. / I work part-time at a convenience store. "
280,병원,hospital,"내 대신 병원에 갈래? / Can you go to the hospital for me? "
281,지갑,wallet,"내 지갑 어디 있어? / Where is my wallet? "
282,지갑,purse,"어제 지갑을 잃어버렸어. / I lost my purse yesterday. "
283,주문,order,"다시 주문할지도 몰라요. / I might order again. "
284,들판,field,"들판에 양 백 오십 마리가 있다. / There are 150 sheep in the field. "
285,사막,desert,"태양은 뜨거운 사막의 열을 올리고 있다. / The sun is heating up the desert. "
286,사장,boss,"사장님이 친절해서 좋아요. / I like my boss because he is kind. "
287,사무실,office,"그의 사무실은 빌딩 3층에 있다. / His office is on the third floor of the building. "
288,동료,coworker,"나만 빼고 내 동료들은 전부 테니스를 친다. / All my coworkers except me play tennis. "
289,회의,meeting,"오늘 회의는 취소되었어요. / Today's meeting has been canceled. "
290,경찰서,police station,"경찰서에 가야 해요. / I need to go to the police station. "
291,약국,pharmacy,"저는 약국에서 일해요. / I work at a pharmacy. "
292,빵집,bakery,"맛있는 빵집을 알아요. / I know a delicious bakery. "
293,영화관,movie theater,"이따가 영화관 앞에서 봐! / See you later in front of the movie theater! "
294,협상,negotiation,"이년간의 협상 후"
295,계약,contract,"계약직 장그래씨는 결국 퇴사를 했다. / Jang Geu-rae"
296,사업,business,"그녀도 친구의 사업에 동참했다. / She also joined her friend's business. "
297,거래,deal,"우리는 거래를 한거에요. / We made a deal. "
298,바쁜,busy,"바쁜 것은 압니다. 하지만 내 변호사를 불러주시겠어요? / I know you're busy"
299,심각한,serious,"저 사람은 진짜 심각한 사람이야. / He is a very serious person. "
300,피곤하다,tired,"진짜 피곤하다. / I'm really tired. "
301,상사,superior,"우리 상사는 정말 침착하십니다. / My boss is very calm. "
302,회사,company,"그 분이 우리 회사 이사님이세요. / He is the director of our company. "
303,급여,salary,"급여 조건이 어떻게 됩니까? / What is the salary? "
304,라디오,radio,"라디오에서 들은 음악이에요. / It's the music I heard on the radio. "
305,텔레비전,television,"텔레비전이 조만간 배달될 겁니다. / The TV will be delivered soon. "
306,인터넷,Internet,"인터넷 돼요? / Is the internet working? "
307,신문,newspaper,"그 신문 이리 줘. / Give me that newspaper. "
308,뉴스 채널,news channel,"저녁에 뉴스 채널을 켜요. / I turn on the news channel in the evening. "
309,악기,musical instrument,"악기 연주할 수 있어요? / Can you play a musical instrument? "
310,그림,painting,"미술 시간에 이 그림을 그렸어요. / I drew this picture in art class. "
311,극장,theater,"극장은 어디에 있어요? / Where is the theater? "
312,뮤지컬,musical,"뮤지컬 티켓을 받았어요. / I got a musical ticket. "
313,오페라,opera,"예술의 전당에서 공연하는 오페라에 갔어요. / I went to the opera at the Seoul Arts Center. "
314,휴식을 취하다,relax,"휴식을 취하면 안돼? / Can't you take a break? "
315,화이트 보드,whiteboard,"선생님이 화이트 보드에 적고 있어요. / The teacher is writing on the whiteboard. "
316,칠판,blackboard,"칠판이 안 보여요. / I can't see the blackboard. "
317,시험,test,"그 시험 어려워! / That test is difficult! "
318,교과서,textbook,"저는 한국어 교과서가 세 권 있습니다. / I have three Korean textbooks. "
319,앞,front,"열쇠를 문앞에 두고 갈게요. / I'll leave the keys in front of the door. "
320,직업,job,"재미있는 직업인 것 같아요. / It seems like an interesting job. "
321,대통령,president,"곧 대통령 선거가 있어요. / There will be a presidential election soon. "
322,산업,industry,"한국의 문화 콘텐츠 산업은 한류의 열풍으로 급성장하고 있다. / Korea's cultural content industry is growing rapidly due to the Korean Wave. "
323,벨트,belt,"벨트가 너무 짧아요. / The belt is too short. "
324,동전,coin,"동전을 차곡차곡 모으고 있어요. / I'm collecting coins. "
325,돈,money,"돈을 빌려 주세요. / Please lend me some money. "
326,현금 카드,debit card,"현금 카드를 잃어버려서 경찰서에 가야했어요. / I lost my debit card"
327,계산서,bill,"계산서 갖다 주실래요? / Can I have the bill"
328,사진 촬영,photography,"제 취미는 사진 촬영입니다. / My hobby is photography. "
329,벗다,take off,"신발을 벗지 마세요. / Please don't take off your shoes. "
330,침실,bedroom,"우리 부모님은 침실을 같이 사용합니다. / My parents share a bedroom. "
331,부엌,kitchen,"부엌에서 요리를 하고 있어요. / I'm cooking in the kitchen. "
332,화장실,bathroom,"화장실이 참 깨끗해요. / The bathroom is very clean. "
333,졸업식,graduation,"오늘은 저희 학교 졸업식이에요. / Today is our school's graduation ceremony. "
334,승진,promotion,"승진 축하드립니다. / Congratulations on your promotion. "
335,기념일,anniversary,"달력에 우리 기념일을 적어 놨어. / I marked our anniversary on the calendar. "
336,장례식,funeral,"장례식에 다녀왔어요. / I went to a funeral. "
337,결혼,wedding,"결혼식은 잘 진행되었어요. / The wedding went well. "
338,설명하다,explain,"한번 더 설명해주시겠어요? / Could you explain it one more time? "
339,뒤,back,"집 뒤에 정원이 있어요. / There is a garden behind the house. "
340,동쪽,east,"일본은 한국의 동쪽에 있습니다. / Japan is east of Korea. "
341,넥타이,necktie,"만약 넥타이를 잘 매지 않으면 게으름뱅이처럼 보일거야. / If you don't tie your tie properly"
342,양복,suit,"양복이 전시되어 있습니다. / Suits are on display. "
343,운동화,sneaker,"제 운동화는 매우 편해요. / My sneakers are very comfortable. "
344,이십일,twenty-one,"그 빌딩은 이십일 층까지 있습니다. / The building has twenty-one floors. "
345,이십이,twenty-two,"그녀가 가장 좋아하는 숫자는 이십이입니다. / Her favorite number is twenty-two. "
346,삼십삼,thirty-three,"붓을 삽십삼 개 샀어요. / I bought thirty-three brushes. "
347,사십사,forty-four,"파티를 위해 테이블 사십사 개가 필요해요. / We need forty-four tables for the party. "
348,오십오,fifty-five,"제 텔레비전에는 오십오 개의 채널이 있어요. / My TV has fifty-five channels. "
349,학생,student,"그녀는 대학생입니다. / She is a college student. "
350,보다,watch,"거실에 가서 영화를 보자. / Let's go to the living room and watch a movie. "
351,교실,classroom,"교실이 너무 더러워요. / The classroom is very dirty. "
352,학교,school,"고등학교가 그리워요. / I miss high school. "
353,교실 의자,school chair,"교실 의자용 쿠션을 샀어요. / I bought a cushion for the school chair. "
354,교실 책상,school desk,"의자는 교실 책상에 붙어 있어요. / The chair is attached to the desk. "
355,인터넷을 하다,surf the internet,"매일밤 자기 전에 인터넷을 해요. / I surf the internet every night before going to bed. "
356,북쪽,north,"북쪽의 반대편은 남쪽이다. / The opposite of north is south. "
357,돌아오다,return,"남자가 직장에서 집으로 돌아왔다. 가족들이 그를 맞이한다. / The man came home from work and was greeted by his family. "
358,목욕하다,bathe,"일을 마치고 나서 밤에 목욕하는 것을 좋아해요. / I like to take a bath at night after work. "
359,잠,sleep,"3분만에 잠들었어요. / I fell asleep in three minutes. "
360,남쪽,south,"새들이 남쪽으로 날아가고 있다. / Birds are flying south. "
361,잠옷,pajamas,"잠옷 바람으로 수퍼에 다녀왔어요. / I went to the supermarket in my pajamas. "
362,브래지어,brassiere,"하얀 브래지어 / white bra "
363,일어나다,wake up,"아침 일곱 시에 일어나요. / I wake up at seven in the morning. "
364,통근하다,commute,"전철로 통근해요. / I commute by subway. "
365,먹다,eat,"그 사람은 생선을 안 먹어요. / He doesn't eat fish. "
366,미술,art,"미술관에 가자. / Let's go to the art museum. "
367,문학,literature,"시인 고은 선생은 문학상에 여러 번 호명되었습니다. / Poet Ko Eun has been nominated for literary awards many times. "
368,영화,movie,"그 영화를 봤어요? / Have you seen that movie? "
369,음악,music,"그 가수의 음악 스타일은 아주 독특해요. / That singer's music style is very unique. "
370,답,answer,"나도 답을 몰라. / I don't know the answer either. "
371,가르치다,teach,"그녀는 대학에서 가르쳐요. / She teaches at a university. "
372,묻다,ask,"당신에게 묻고 싶은게 있어요. / I have something to ask you. "
373,닫다,close,"문을 닫아 줄래요? / Could you close the door? "
374,탄생,birth,"조카의 탄생을 축하해요! / Congratulations on the birth of your nephew! "
375,일,work,"저는 약국에서 일해요. / I work at a pharmacy. "
376,켜다,turn on,"저는 컴퓨터를 켜요. / I turn on the computer. "
377,끄다,turn off,"불 좀 끌래? / Can you turn off the light? "
378,외식하다,eat out,"사람들은 주말에 외식하는 것을 좋아합니다. / People like to eat out on weekends. "
379,참석하다,attend,"부서 전원이 회의에 참석하고 있습니다. / All members of the department are attending the meeting. "
380,서쪽,west,"해는 서쪽에서 집니다. / The sun sets in the west. "
381,빗다,brush,"가서 머리 빗어! / Go and brush your hair! "
382,샤워,shower,"샤워하고 저녁 밥 먹어. / Take a shower and eat dinner. "
383,씻다,wash,"여자가 얼굴을 씻고 있어요. / The woman is washing her face. "
384,가다,leave,"이제 가야할 것 같아. / I think I have to go now. "
385,계산서,check,"계산서를 주시겠어요? / Can I have the check"
386,육십육,sixty-six,"육십육 분 동안 뛰었어. / I ran for sixty-six minutes. "
387,칠십칠,seventy-seven,"그의 방 번호는 칠십칠이야. / His room number is seventy-seven. "
388,팔십팔,eighty-eight,"그 회사에는 팔십팔 명의 직원이 있습니다. / The company has eighty-eight employees. "
389,구십구,ninety-nine,"그의 할아버지는 구십구 세이십니다. / His grandfather is ninety-nine years old. "
390,백,one hundred,"사진을 백장 찍었어. / I took a hundred pictures. "
391,거실,living room,"거실이 너무 좁아요. / The living room is too small. "
392,주방,dining room,"텔레비전은 주방에 있어요. / The TV is in the dining room. "
393,복도,hallway,"너는 복도에 자켓을 놔두는 안좋은 습관을 가지고 있구나. / You have a bad habit of leaving your jacket in the hallway. "
394,아파트,apartment,"아파트로 이사했어요. / I moved into an apartment. "
395,집,house,"새 집은 좋은 것 같아요. / The new house looks good. "
396,운동,exercise,"오후 내내 운동하고 싶어요. / I want to exercise all afternoon. "
397,열다,open,"문을 열 수 있어? / Can you open the door? "
398,듣다,listen,"음악을 듣는 것은 긴장을 푸는 방법 중 하나입니다. / Listening to music is one way to relax. "
399,생일,birthday,"내 생일이 다음 주야. / My birthday is next week. "
400,은퇴하다,retire,"아버지가 내년에 은퇴하실 예정이야. / My father is going to retire next year. "
401,밖에,outside,"밖에 바람이 많이 붑니다. / It's very windy outside. "
402,안에,inside,"콩은 꼬투리 안에서 자랍니다. / Beans grow inside pods. "
403,왼쪽,left,"첫번째 신호등에서 왼쪽으로 도세요. / Turn left at the first traffic light. "
404,오른쪽,right,"오른쪽에 뭐가 있나요? / What's on the right? "
405,첫 번째,first,"첫 번째가 제일 어려워요. / The first one is the most difficult. "
406,두 번째,second,"왼쪽에서 두 번째 문이에요. / It's the second door on the left. "
407,세 번째,third,"세 번째로 도착하는 사람이 동메달을 차지해요. / The third person to arrive gets the bronze medal. "
408,비누,soap,"매일 비누와 물로 목욕하세요. / Bathe with soap and water every day. "
409,칫솔,toothbrush,"여자 아이는 전동 칫솔로 이를 닦고 있습니다. / The girl is brushing her teeth with an electric toothbrush. "
410,치약,toothpaste,"우리는 치약을 다 썼습니다. / We ran out of toothpaste. "
411,샴푸,shampoo,"만약 샴푸가 조금이라도 눈에 들어가면 물로 즉시 씻어내십시오. / If shampoo gets in your eyes"
412,정보,information,"저는 인터넷에서 정보를 얻고 있습니다. / I get information from the internet. "
413,농부,farmer,"농부가 거름을 주고 있습니다. / The farmer is spreading fertilizer. "
414,비서,secretary,"저는 비서로 일하고 있어요. / I work as a secretary. "
415,은행원,banker,"집을 사기 위한 대출금을 마련하기 위해 열 명의 은행원을 만났습니다. / I met ten bankers to get a loan to buy a house. [cite: 417"
416,작가,writer,"그는 좋은 작가로써 칭송을 받았습니다. / He was praised as a good writer. "
417,노력하다,try,"최선을 다하도록 노력할게요. / I will try my best. "
418,재다,measure,"조금 많아도"
419,보관하다,keep,"저는 서류를 파일 안에 보관해요. / I keep documents in a file. "
420,기다리다,wait,"손님들이 기다리게 하지 말아요! / Don't make the guests wait! "
421,주전자,kettle,"주전자에 물을 끓이고 있어요. / I'm boiling water in the kettle. "
422,냄비,pot,"냄비가 너무 작아서 요리를 못 하겠어요. / I can't cook because the pot is too small. "
423,개구리,frog,"생물학 시간에 개구리를 해부했습니다. / I dissected a frog in biology class. "
424,비둘기,pigeon,"비둘기에게 먹이를 주지 마세요. / Don't feed the pigeons. "
425,여행 안내서,guidebook,"여행 안내서는 당신의 여행을 위해 유용한 정보를 줄 것입니다. / A guidebook will give you useful information for your trip. [cite: 431"
426,입구,entrance,"입구는 저기예요. / The entrance is over there. "
427,가이드,tour guide,"관광 가이드를 만났어요. / I met a tour guide. "
428,예약,reservation,"예약하셨어요? / Do you have a reservation? "
429,여권,passport,"작년에 여권을 갱신했어. / I renewed my passport last year. "
430,컴퓨터 과학,computer science,"컴퓨터 과학은 더 중요해지고 있습니다. / Computer science is becoming more important. "
431,수학,math,"학교에서 내가 가장 좋아하는 과목은 수학이에요. / My favorite subject in school is math. "
432,느끼다,feel,"제가 느끼는 기분을 당신도 느끼고 있나요? / Do you feel what I feel? [cite: 440"
433,그리다,draw,"부모님의 얼굴을 그리고 있습니다. / I'm drawing my parents' faces. [cite: 442"
434,계획,plan,"이번 금요일에 계획이 있어요? / Do you have plans for this Friday? "
435,판매,sale,"판매부서가 회사를 성장으로 이끌고 있습니다. / The sales department is driving the company's growth. "
436,쇼핑,shopping,"어제 저는 여자 친구와 함께 쇼핑을 했습니다. / Yesterday I went shopping with my girlfriend. "
437,네 번째의,fourth,"네 번째의 신호등에서 오른쪽으로 돈 다음"
438,다섯 번째의,fifth,"다섯 번째의 생일 파티에는 무서운 광대가 있었습니다. / There was a scary clown at my fifth birthday party. "
439,여섯 번째,sixth,"여섯 번째 생일에 교복을 선물 받았어요. / I received a school uniform as a gift for my sixth birthday. [cite: 450"
440,일곱 번째,seventh,"음력 일곱 번째의 달의 일곱 번째의 날은 중국의 발렌타인 데이입니다. / The seventh day of the seventh lunar month is Chinese Valentine's Day. [cite: 454"
441,린스,conditioner,"좋은 린스는 머리카락을 볼륨있게 해 줍니다. / Good conditioner makes hair voluminous. [cite: 456"
442,데오도란트,deodorant,"악취를 멀리하려면 씻은 후"
443,액상 비누,liquid soap,"액상 비누 있어요? / Do you have liquid soap?"
444,오리,duck,"요즘에 한국에서는 오리고기가 인기입니다. / Duck meat is popular in Korea these days."
445,까마귀,crow,"한국 사람들은 까마귀를 불운의 상징이라고 생각합니다. / Korean people think of crows as a symbol of bad luck."
446,바퀴벌레,cockroach,"바퀴벌레는 여섯 개의 다리"
447,모기,mosquito,"모기약 뿌려야겠다. / I need to spray mosquito repellent."
448,건설 노동자,construction worker,"건설 노동자가 나무를 재고 있습니다. / The construction worker is measuring wood."
449,주부,homemaker,"주부는 매우 가치있는 일을 하지만 보통 월급을 받지는 않습니다. / Homemakers do very valuable work"
450,얼음,ice,"혹시 얼음 있어요? / Do you have ice by any chance?"
451,역사,history,"나은 미래를 만들기 위해 역사를 공부합니다. / We study history to create a better future."
452,지리학,geography,"그는 지리학을 전공하고 심리학을 부전공했습니다. / He is a geography major"
453,가게,store,"백화점에 가면 신발가게가 있을 거예요. / If you go to a department store"
454,시장,market,"시장에는 많은 종류의 과일이 있습니다. / They have many kinds of fruit in the market."
455,가격,price,"가격을 몰라? / You don’t know the price?"
456,쿠폰,coupon,"여기 오십 퍼센트 할인 쿠폰이 있으니 여기서 먹자. / Here's a 50% discount coupon"
457,통로,aisle,"향신료와 양념은 통로 육 번에 있습니다. / Spices and seasonings are in aisle six."
458,가방,bag,"가방이 돌처럼 무거워요! / Your bag is heavy like a stone!"
459,사진,photograph,"그는 자신의 사진 중 하나의 라지 사이즈 프린트를 주문했다. / He ordered a large print of one of his photographs."
460,소다,soda,"집에서 소다수를 만들어 먹기 시작했습니다. / I started making soda at home."
461,아홉 번째,ninth,"라마단은 이슬람 달력으로 아홉 번째 달입니다. / Ramadan is the ninth month of the Muslim year."
462,열 번째,tenth,"마침내 저는 열 번째의 시도 끝에 목표를 이루었습니다. / I finally made a goal on my tenth attempt."
463,여덟 번째,eighth,"저는 여덟 번째 생일에 자전거를 선물 받았습니다. / I was given a new bicycle for my eighth birthday."
464,면도기,shaving razor,"일회용 면도기 / disposable shaving razor"
465,수건,washcloth,"소년은 수건으로 얼굴을 닦고 있습니다. / The boy is wiping his face with a washcloth."
466,타월,towel,"비치 타월 있어? / Do you have a beach towel?"
467,숟가락,spoon,"숟가락을 땅에 떨어뜨렸어요. / I dropped my spoon on the floor."
468,포크,fork,"포크는 없고 젓가락만 있어요. / We don’t have forks but only chopsticks."
469,나이프,knife,"나이프를 건네 주시겠어요? / Could you pass me the knife?"
470,접시,plate,"접시를 닦을 때 조심하세요. / Please be careful when you wash the plates."
471,벌,bee,"벌이 노란 꽃을 수분하고 있습니다. / The bee is pollinating the yellow flower."
472,개미,ant,"개미는 단 것을 좋아합니다. / Ants like sweet foods."
473,뱀,snake,"바다뱀이 산호초 근처에서 수영하고 있다. / The sea snake is swimming near the coral reef."
474,우유,milk,"그는 매일 우유 세 병을 마신다. / He drinks three bottles of milk every day."
475,디자이너,designer,"많은 종류의 디자이너가 있지만"
476,예술가,artist,"예술가는 생각하는 방식이 달라요. / An artist has a different way of thinking."
477,군인,soldier,"한국 군인들은 초코파이를 좋아해요. / Korean soldiers love Choco Pie."
478,사업가,entrepreneur,"사업가들은 그들의 아이디어로 세상을 바꿉니다. / Entrepreneurs change the world with their ideas."
479,단편 소설,short story,"저는 단편 소설만 읽어요. / I only read short stories."
480,폴더,folder,"서류를 폴더 안에 넣었어요. / I put the documents in a folder."
481,프라이팬,frying pan,"프라이팬에 기름을 넣으세요. / Put some oil on the frying pan."
482,도마,cutting board,"요리사는 도마 위에서 삶은 계란을 자르고 있습니다. / The cook is cutting a hard-boiled egg on the cutting board."
483,싱크대,sink,"그릇은 전부 싱크대에 놓으세요. / Please put all the dishes in the sink."
484,그릇,bowl,"밥 그릇이 아주 큰데요? / That's a very big rice bowl"
485,출구,exit,"강남역 6번 출구에서 만나자. / Let's meet at exit number six of Gangnam station."
486,지도,map,"지도 좀 주실래요? / Could I get a map?"
487,여행 가방,suitcase,"여행 가방 안에 귀중품을 두지 마세요. / Don't leave valuables in your suitcase."
488,관광객,tourist,"관광객입니까? / Are you a tourist?"
489,정치,politics,"저는 정치와 같이 격해질 수 있는 주제는 토론하지 않습니다. / I don't discuss topics that can get heated"
490,생물학,biology,"저는 생물학 수업이 제일 좋아요. / I like the biology class the most."
491,화학,chemistry,"화학 시간에는 공식을 많이 외워야 해요. / In chemistry class"
492,물리학,physics,"뉴턴의 법칙은 현대 물리학의 초석을 다졌다. / Newton's laws laid the groundwork for modern physics."
493,경제학,economics,"이 대학은 경제학 강의가 훌륭합니다. / This university has excellent economics lectures."
494,놓다,put,"이 상자를 선반 맨 위에 놓아주세요. / Please put this box on the top shelf."
495,기억하다,remember,"그걸 아직 기억하다니 신기해요. / It’s amazing that you still remember it. "
496,잡다,hold,"화병을 한 손으로 잡는 것은 위험해요. / It’s dangerous to hold a vase with one hand. [cite: 2027"
497,쇼핑 카트,shopping cart,"쇼핑 카트가 비어있어요. / The shopping cart is empty. [cite: 2029"
498,비닐 봉지,plastic bag,"식료품을 살 때에는 비닐 봉지 대신에 천 가방을 사용하세요. / When grocery shopping"
499,코미디,comedy,"웃는 것을 좋아해서 코미디를 보는 것을 좋아합니다. / I love to watch comedy"
500,소설,novel,"어떤 소설 좋아하세요? / What kind of novel do you like? "
501,코코아,cocoa,"초콜렛은 카카오 나무의 코코아 씨로 만듭니다. / Chocolate is made from the cocoa seed of the cacao tree. [cite: 2035"
502,청량 음료,soft drink,"청량 음료는 일반적으로 알코올이 함유되어 있지 않고"
503,주스,juice,"저는 아침 식사와 함께 오렌지 주스를"
504,책장,bookshelf,"책장은 책으로 가득 찼습니다. / The bookshelf is full of books. "
505,침대,bed,"숙제는 침대 밑에 숨겼어. / I hid my homework under my bed. [cite: 2044"
506,거울,mirror,"저는 매일 아침 거울을 보는 것이 싫습니다. / I hate to look into the mirror every morning. "
507,서랍장,dresser,"나무 서랍장은 골동품입니다. / The wooden dresser is an antique. "
508,쓸다,sweep,"여자가 밖을 쓸고 있다. / The woman sweeps outside. "
509,치우다,put away,"장난감을 치워. / Put away your toys. "
510,대걸레로 닦다,mop,"주스를 흘렸으니 대걸레로 닦을게요. / I spilled the juice"
511,웨이트리스,waitress,"웨이트리스가 컵이 올려진 쟁반을 들고 있다. / The waitress is holding a tray with glasses. "
512,화씨,Fahrenheit,"물은 화씨 삼십이 도에서 업니다. / Water freezes at thirty-two degrees Fahrenheit. "
513,온도,temperature,"겨울은 가장 짧은 낮과 가장 낮은 온도를 가진 계절입니다. / Winter is the season of shortest days and coldest temperatures. [cite: 2053"
514,습한,humid,"팔월은 습해요. / It’s humid in August. "
515,바람이 부는,windy,"저는 비가 오는 날도 바람이 부는 날도 신문을 배달해야 합니다. / I have to deliver newspapers on rainy days and windy days. [cite: 2056"
516,놀이터,playground,"놀이터에 있는 그네와 미끄럼틀은 항상 줄을 서야 합니다. / At the playground"
517,수영장,pool,"우리는 여름에 매일 공용 수영장에서 수영합니다. / We swim at the public pool everyday in the summer. [cite: 2061"
518,테니스,tennis,"여자가 테니스를 치고 있습니다. / The woman is playing tennis. "
519,농구,basketball,"농구 선수들은 대부분 키가 큽니다. / Most basketball players are tall. "
520,리터,liter,"이 병은 콜라 2리터를 담고 있습니다. / The bottle contains 2 liters of cola. "
521,밥,rice,"밥 그릇이 아주 큰데요? / I think your rice bowl is very big. "
522,빵,bread,"매주 일요일 아침 우리는 빵집에서 빵"
523,계란,egg,"요리사가 프라이팬에 계란 프라이를 한다. / The cook fries an egg with a frying pan. "
524,면,noodle,"라면은 밀로 만들었습니다. / Ramen noodles are made out of wheat. "
525,알람 시계,alarm clock,"알람 시계는 새벽 5시로 맞춰져 있습니다. / The alarm clock is set for 5 a.m. "
526,문,door,"남자는 열쇠로 차 문을 열고 있습니다. / The man is unlocking the car door with the key. "
527,리모컨,remote control,"남자는 리모컨으로 텔레비전을 끄고 있습니다. / The man is turning off the TV with the remote control. [cite: 2074"
528,닦다,wipe (verb),"바닥을 닦는 것을 잊지 마세요. / Don’t forget to wipe the floor. "
529,메뉴,menu,"손님은 메뉴를 보고 있습니다. / The customer is looking at the menu. [cite: 2077"
530,잡지,magazine,"이 서점에는 잡지가 정말 많아서 좋아요. / I really like this bookstore because it has so many magazines. "
531,오디오 북,audiobook,"통근하는 동안 저는 오디오 북을 듣습니다. / I listen to audiobooks during my commute to work. [cite: 2080"
532,비디오 게임,video game,"이번 주말에 새 비디오 게임을 살 것입니다. / I’m going to buy a new video game this weekend. "
533,저렴한,cheap,"저는 저렴한 신발을 찾고 있습니다. / I’m looking for a cheap pair of shoes. [cite: 2083"
534,비싼,expensive,"새 기계는 비싼 것 같아요. / I think the new equipment is expensive. "
535,친절한,kind,"어르신에게 꽃을 주는 것은 친절한 행동입니다. / Giving the elderly woman flowers is a kind act. [cite: 2086"
536,무서운,scary,"제 다섯 번째 생일 파티에는 무서운 광대가 있었습니다. / There was a scary clown at my fifth birthday party. "
537,편하게 해주는,relaxing,"음악은 마음을 편하게 해줘요. / Music is relaxing. "
538,파운드,pound,"일 킬로그램은 대략 이 점 이 파운드입니다. / One kilogram is approximately 2.2 pounds. [cite: 2090"
539,마일,mile,"여기에서 저기까지는 대략 일 마일 정도입니다. / The distance between here and there is approximately a mile. "
540,피트 (미터법),foot (metric),"일 피트에는 12인치가 있습니다. / There are twelve inches in a foot. "
541,병,illness,"병으로 인해 저는 몸무게가 줄었습니다. / I lost a lot of weight because of the illness. [cite: 2094"
542,감기,cold,"감기에 걸렸어요. / I caught a cold. "
543,부상,injury,"차 사고는 부상의 주요 요인입니다. / Car accidents are a leading cause of injury. [cite: 2096"
544,약,medicine,"의사는 위통을 위한 약을 주었습니다. / The doctor gave me medicine for my stomach pain. [cite: 2097"
545,통증,pain,"여자는 통증을 느끼고 있습니다. / The woman is in pain. "
546,열,fever,"여자가 열이 있습니다. / The woman has a fever. "
547,창문,window,"남자는 창문을 닫고 있습니다. / The man is closing the window. "
548,알코올,alcohol,"혈액 검사는 그의 혈중 알코올 수치가 아주 높은 것을 찾았습니다. / The blood test found that his blood alcohol level was very high. [cite: 2102"
549,식사,meal,"여자가 식사를 준비했다. / The woman prepared a meal. "
550,안개,fog,"오늘 안개가 심해요. / We have heavy fog today. "
551,우박,hail,"우박이 떨어지고 있습니다. / Hail is falling. "
552,뇌우,thunderstorm,"뇌우를 조심하세요. / Watch out for the thunderstorm. [cite: 2106"
553,수족관,aquarium,"저는 수족관의 물고기가 헤엄치는 모습을 보는 것을 좋아합니다. / I love to watch all the fish swim at the aquarium. [cite: 2108"
554,축구,soccer,"축구는 세계에서 가장 인기있는 스포츠입니다. / Soccer is the world’s most popular sport. "
555,동물원,zoo,"집 근처 동물원에는 중국에서 온 자이언트 판다가 있습니다. / The zoo near our house has a giant panda from China. [cite: 2111"
556,요금,fare,"버스 요금은 얼마입니까? / How much is the bus fare? "
557,버스 정류장,bus stop,"여자가 버스 정류장에서 기다리고 있습니다. / The women are waiting at the bus stop. "
558,그램,gram,"사과는 백오십칠 그램입니다. / The apple weighs 157 grams. "
559,미터,meter,"그것의 촉수의 길이는 이 미터입니다. / Its tentacles are two meters long. "
560,킬로미터,kilometer,"모스크바와 상트 페테르부르크 사이의 거리는 칠백 킬로미터입니다. / The distance between Moscow and St. Petersburg is seven hundred kilometers. [cite: 2116"
561,두통,headache,"두통이 있어서 그러는데 볼륨 좀 줄여주세요. / Please turn down the volume"
562,설사,diarrhea,"이 약은 설사를 멈추게 할 것입니다. / This medicine will stop the diarrhea. [cite: 2120"
563,증상,symptom,"증상이 어떠세요? / What are your symptoms? [cite: 2121"
564,복통,stomachache,"어제 저는 심한 복통이 있었습니다. / Yesterday I had a bad stomach ache. [cite: 2122"
565,청소하다,clean,"방 청소했어요? / Did you clean your room? "
566,말리다,dry,"머리카락 먼저 말려요. / Dry your hair first. "
567,먼지,dust,"여자가 천으로 먼지를 닦고 있습니다. / The woman is dusting with a dust cloth. "
568,진공청소기로 청소하다,vacuum,"손님들이 오기전에 진공청소기로 청소해야 해요. / I have to vacuum the hallway before the guests come. [cite: 2126"
569,교차로,intersection,"중심가의 교차로에서 돈 다음"
570,고속도로,highway,"우리가 고속도로로 가면 약 사십 분정도 걸릴 것입니다. / If we take the highway"
571,길,road,"그것은 매우 긴 길이었어요. / It was a long road. "
572,거리,street,"그 거리의 양쪽에 가로수가 서 있다. / There are trees on either side of the street. [cite: 2132"
573,흥미로운,interesting,"여자가 흥미로운 이야기를 듣고 있습니다. / The woman is listening to an interesting story. [cite: 2133"
574,심술궂은,mean,"심술궂은 여자는 아이들에게 소리를 질렀습니다. / The mean woman yelled at the children. "
575,지루해하는,bored,"지루해하는 아버지는 집에 갈 준비가 되었습니다. / The bored father is ready to go home. [cite: 2136"
576,칠백,seven hundred,"북극곰은 최고 칠백 킬로그램까지 나가요. / Polar bears can weigh up to seven hundred kilograms. [cite: 2137"
577,팔백,eight hundred,"그 밭은 팔백 헥타르입니다. / The field is eight hundred hectares. [cite: 2139"
578,이백,two hundred,"우리는 여기에 이백 권 이상의 책을 가지고 있습니다. / We have over two hundred books here. [cite: 2140"
579,삼백,three hundred,"이 학교에는 삼백 명의 학생이 있습니다. / This school has three hundred students. [cite: 2142"
580,육백,six hundred,"육 곱하기 백은 육백입니다. / Six times one hundred equals six hundred. [cite: 2143"
581,내놓다,take out,"쓰레기를 내놓아 줄래? / Can you take out the trash"
582,웨이터,waiter,"웨이터는 룸서비스를 하고 있습니다. / The waiter is delivering room service. [cite: 2145"
583,일기 예보,weather report,"내일 일기 예보는 아침에는 흐리지만"
584,섭씨,Celsius,"오늘의 온도는 섭씨 삼십 도입니다. / Today’s temperature is 30 degrees Celsius. "
585,쇼 프로그램,TV show,"그녀가 가장 좋아하는 쇼 프로그램은 오늘 밤에 합니다. / Her favorite TV show is on tonight. [cite: 2150"
586,조깅,jogging,"조깅을 시작하고부터 삼 킬로를 뺐습니다. / I’ve lost three kilograms since I started jogging. [cite: 2152"
587,패스트 푸드,fast food,"급할 때는 패스트 푸드가 좋은 선택이 될 수 있습니다. / Fast food can be a good option when you are in a hurry. [cite: 2153"
588,공원,park,"부부가 공원에서 걸어가고 있습니다. / The couple is walking in the park. "
589,신호등,traffic light,"심한 폭풍이 신호등을 고장냈습니다. / The severe storm damaged the traffic light. "
590,표지판,sign,"정지 표지판을 보면 멈춰야 합니다. / Stop when you see the stop sign. "
591,지하철,subway,"저는 사무실에 지하철로 갑니다. / I take the subway to the office. "
592,기차역,train station,"기차는 기차역에 있습니다. / The train is at the train station. "
593,오백,five hundred,"오백원만 주세요. / Please just give me five hundred won. "
594,구백구십구,nine hundred ninety nine,"우리는 이벤트를 위해 의자 구백구십구 개를 샀습니다. / We bought nine hundred ninety nine chairs for the event. [cite: 2161"
595,백일,one hundred one,"수학 상급반은 백일 호 교실입니다. / Advanced Mathematics is in classroom 101. [cite: 2162"
596,사백,four hundred,"책은 사백 페이지 정도의 두께였습니다. / The book was four hundred pages thick. [cite: 2163"
597,구백,nine hundred,"그 앤티크 수저는 구백년 된 것입니다. / The antique spoon was nine hundred years old. [cite: 2165"
598,인치,inch,"저는 방금 사십 인치 평면 스크린 텔레비전을 샀습니다. / I just bought a 40 inch flat screen television. [cite: 2166"
599,킬로그램,kilogram,"일 킬로그램은 천 그램입니다. / One kilogram is one thousand grams. "
600,센티미터,centimeter,"쌓여 있는 동전은 거의 팔 센티미터 높이입니다. / The stacked coins measure almost eight centimeters. [cite: 2169"
601,식당,restaurant,"우리가 제일 좋아하는 식당이 오늘 밤에는 꽉 찼습니다. / Our favorite restaurant is full tonight. [cite: 2172"
602,카페,café,"여자들이 야외의 카페에서 이야기하고 있습니다. / The women are talking at the outdoor cafe. [cite: 2174"
603,커피샾,coffee shop,"커피샾에서 시간을 보내고 있는 친구들 / The friends are hanging out at a coffee shop. [cite: 2175"
604,바,bar,"금요일 밤"
605,가구,furniture,"화재가 난 후"
606,풀,grass,"멧돼지들이 풀을 씹고 있습니다. / The wild boars are chewing the grass. "
607,토양,soil,"토양이 가뭄 때문에 갈라졌습니다. / The soil cracked due to the drought. "
608,흙,dirt,"벌레들이 흙 속에서 꿈틀거리고 있습니다. / The worms are squirming in the dirt. "
609,바위,rock,"호랑이가 바위 위에 누워 있습니다. / The tiger is lying on the rocks. [cite: 2182"
610,나무,tree,"우리는 매년 뒷마당에 있는 사과 나무의 사과를 먹습니다. / We eat fruit every year from the apple tree in my back yard. [cite: 2183"
611,도교,Taoism,"도교는 도가로서 알려져 있습니다. / Taoism is also known as Daoism. "
612,성경,Bible,"성경책은 문명의 역사에서 제일 많이 팔린 책입니다. / The Bible is the best-selling book in the history of civilization. [cite: 2186"
613,코란,Quran,"코란은 이슬람교의 성경책입니다. / The Quran is the holy book of the Islam religion. [cite: 2187"
614,신부,priest,"그는 신부에게 조언을 받았습니다. / He got advice from a priest. [cite: 2188"
615,유대교,Judaism,"유대교는 삼천 년 이상 동안 전해져 왔습니다. / Judaism has been practiced for over three thousand years. [cite: 2189"
616,천,one thousand,"내 지갑에 천 원 밖에 없습니다. / There is only one thousand won in my wallet. [cite: 2191"
617,이천,two thousand,"그것은 이천 달러입니다. / It costs two thousand dollars. "
618,팔천,eight thousand,"그 마을에는 팔천 명이 살고 있습니다. / Eight thousand people live in that village. [cite: 2194"
619,만,ten thousand,"만 명의 군인들이 전쟁터에 배치되었습니다. / Ten thousand soldiers were dispatched to the site of the battle. [cite: 2195"
620,사천,four thousand,"그 경기장은 사천 평방미터입니다. / The stadium is four thousand square meters. "
621,집주인,landlord,"형의 집주인은 수표를 받지 않습니다. / My brother’s landlord will not accept a check. [cite: 2198"
622,기숙사,dormitory,"대학생은 기숙사에서 살았습니다. / The college student lived in a dormitory. [cite: 2199"
623,아파트,apartment building,"이 아파트 건물에는 이십사 개의 아파트가 있습니다. / There are 24 apartments in this apartment building. [cite: 2200"
624,도시,city,"도시는 안개로 덮였습니다. / The city is covered in fog. "
625,농장,farm,"염소들이 농장에서 놀고 있다. / The goats are playing on the farm. [cite: 2203"
626,쓰나미,tsunami,"쓰나미가 도시를 쳤습니다. / The tsunami hit the city. [cite: 2204"
627,눈사태,avalanche,"눈사태가 스키 리조트를 파괴하였지만"
628,불,fire,"불이 타고 있습니다. / The fire is burning. "
629,지진,earthquake,"지진이 땅을 흔들고 있습니다. / The earthquake is shaking the ground. [cite: 2207"
630,모래 폭풍,sandstorm,"모래 폭풍이 착륙하였습니다. / The sandstorm has touched down. [cite: 2208"
631,장갑,glove,"장갑은 그의 손에 맞지 않았습니다. / The gloves did not fit his hands. [cite: 2209"
632,우산,umbrella,"비가 오는데 우산이 없습니다. / I don’t have an umbrella"
633,모자,hat,"빨간 스카프가 저 모자와 잘 어울릴 것 같아요. / A red scarf would look nice with that hat. [cite: 2212"
634,긴소매,long-sleeved,"긴소매 셔츠는 추운 날씨에 좋아요. / Long-sleeved shirts are good for cold weather. "
635,반소매,short-sleeved,"반소매 셔츠는 따뜻한 날씨에 더 좋아요. / Short-sleeved shirts are better when it is warm. [cite: 2215"
636,고통스러운,painful,"남자가 고통스러운 복통으로 괴로워하고 있습니다. / The man has a painful stomachache. [cite: 2216"
637,부끄러워하는,shy,"부끄러워하지마! / Don’t be shy! "
638,불안해하는,nervous,"비즈니스맨은 불안해하며 면접을 기다리고 있습니다. / The nervous businessman is waiting for the interview. "
639,신이 난,excited,"그 젊은 과학자는 신이 났습니다. / The young scientist was excited. "
640,당황스러운,embarrassed,"제 얼굴은 당황스러우면 빨개져요. / My face turns red when I am embarrassed. "
641,시골,country,"그들은 시골에 큰 집이 있습니다. / They have a big house in the country. [cite: 2221"
642,마을,village,"저는 작은 마을에서 자랐어요. / I grew up in a small village. [cite: 2222"
643,도시,town,"저는 도시를 걸어다니고 싶어요. / I want to go for a walk in town. [cite: 2223"
644,교외,suburb,"그는 도시에서 일하지만 교외 마을에서 삽니다. / He works in the city"
645,방,room,"포터는 방으로 짐을 옮겨주었습니다. / A porter carried our bags to our room. "
646,화상,burn,"그녀는 끓는 물을 왼손에 쏟아서 이 도 화상을 입었습니다. / She spilled boiling water on her left hand and has a second degree burn. [cite: 2227"
647,체스,chess,"나는 성급한 사람이어서 스피드 체스를 좋아합니다. / I’m not a patient person"
648,언어,language,"언어를 배우는 것이 재미있어요. / Learning languages is fun. [cite: 2230"
649,드라이 하다,blow-dry,"저는 매일 아침 머리카락을 드라이 해요. / I blow-dry my hair every morning. [cite: 2232"
650,무술,martial arts,"우리 무술사범님은 이십오년 동안 무술을 연습하셨습니다. / Our martial arts instructor has practiced for twenty five years. [cite: 2233"
651,만족스러워 하는,satisfied,"저는 결과에 만족스러워 하고 있어요. / I’m satisfied with the result. [cite: 2234"
652,평온한,calm,"바다가 평온해요. / The ocean is calm. [cite: 2235"
653,빗다,comb,"저는 매일 강아지 털을 빗어요. / I comb my dog every day. [cite: 2236"
654,가글하다,gargle,"저는 매일 수차례 입 안을 가글해요. / I gargle several times a day. [cite: 2237"
655,불만스러워하는,dissatisfied,"남자는 그 제품에 대해 불만스러워하고 있다. / The man is dissatisfied with the product. [cite: 2239"
656,오천,five thousand,"오천 명이 광장에 모여 시위하고 있었습니다. / Five thousand people were protesting on the square. [cite: 2240"
657,삼천,three thousand,"페루에는 감자 종류가 삼천 개가 넘습니다. / In Peru"
658,육천,six thousand,"삼계탕의 가격은 육천원입니다. / The price of the Samgyetang is six thousand won. [cite: 2243"
659,칠천,seven thousand,"그녀는 음반을 칠천 장 판매했습니다. / She sold seven thousand albums. [cite: 2244"
660,구천,nine thousand,"구천 명의 병력이 나라에서 철수했습니다. / Nine thousand troops withdrew from the country. [cite: 2245"
661,장미,rose,"제가 제일 좋아하는 꽃은 장미입니다. / Roses are my favorite flower. "
662,꽃,flower,"저는 매주 일요일 아침 아내에게 생생한 꽃을 가져다 줍니다. / Every Sunday morning I bring my wife fresh flowers. [cite: 2248"
663,백합,lily,"백합은 순결을 상징해요. / A lily symbolizes purity. [cite: 2249"
664,해바라기,sunflower,"해바라기꽃은 팔에서 십이 피트 정도의 높이까지 자랍니다. / Sunflowers grow to heights between 8-12 feet. [cite: 2250"
665,민들레,dandelion,"민들레는 잡초로 간주됩니다. / Dandelions are considered weeds. "
666,여행,traveling,"남자의 취미는 여행입니다. / The man’s hobby is traveling. "
667,운동,exercise,"아침부터 운동하고 있어요. / I have been exercising since morning. "
668,운동하다,workout,"매일 30분 운동하는 것은 건강에 좋습니다. / A 30 minute workout every day is good for your health. [cite: 2254"
669,독서,reading,"저는 독서를 좋아하지 않아요. / I don’t like reading. "
670,카드놀이,playing cards,"우리는 여름에 종종 카드놀이를 해요. / We often play cards on a warm summer evening."
